-- ============================================================
-- Testero — Dev seed data
-- Password for all users: password123
-- ============================================================

-- ── Roles ────────────────────────────────────────────────────
INSERT INTO app_role (id, name) VALUES
  ('a0000000-0000-0000-0000-000000000001', 'TEACHER'),
  ('a0000000-0000-0000-0000-000000000002', 'STUDENT'),
  ('a0000000-0000-0000-0000-000000000003', 'ADMIN');

-- ── Teachers ─────────────────────────────────────────────────
INSERT INTO app_user (id, name, username, password_hash, email, created_at) VALUES
  ('b0000000-0000-0000-0000-000000000001', 'Marco Rossi',    'prof.rossi',    '$2b$12$BdS3h/FrsftOMPJH30ngtenmXYWohfTIet/uRoPwpTNbbQyDc7QSC', 'marco.rossi@testero.app',    NOW()),
  ('b0000000-0000-0000-0000-000000000002', 'Laura Bianchi',  'prof.bianchi',  '$2b$12$BdS3h/FrsftOMPJH30ngtenmXYWohfTIet/uRoPwpTNbbQyDc7QSC', 'laura.bianchi@testero.app',  NOW()),
  ('b0000000-0000-0000-0000-000000000003', 'Andrea Ferretti', 'prof.ferretti', '$2b$12$BdS3h/FrsftOMPJH30ngtenmXYWohfTIet/uRoPwpTNbbQyDc7QSC', 'andrea.ferretti@testero.app', NOW());

INSERT INTO app_user_role (user_id, role_id) VALUES
  ('b0000000-0000-0000-0000-000000000001', 'a0000000-0000-0000-0000-000000000001'),
  ('b0000000-0000-0000-0000-000000000002', 'a0000000-0000-0000-0000-000000000001'),
  ('b0000000-0000-0000-0000-000000000003', 'a0000000-0000-0000-0000-000000000001');

INSERT INTO teacher_profile (id, user_id) VALUES
  ('b1000000-0000-0000-0000-000000000001', 'b0000000-0000-0000-0000-000000000001'),
  ('b1000000-0000-0000-0000-000000000002', 'b0000000-0000-0000-0000-000000000002'),
  ('b1000000-0000-0000-0000-000000000003', 'b0000000-0000-0000-0000-000000000003');

-- ── Classes ──────────────────────────────────────────────────
INSERT INTO user_class (id, name) VALUES
  ('c0000000-0000-0000-0000-000000000001', '1SW'),
  ('c0000000-0000-0000-0000-000000000002', '2SW'),
  ('c0000000-0000-0000-0000-000000000003', '1INF'),
  ('c0000000-0000-0000-0000-000000000004', '2INF'),
  ('c0000000-0000-0000-0000-000000000005', '3SW');

-- ── Teacher ↔ Class assignments ──────────────────────────────
-- Rossi  → 1SW, 2SW, 3SW
-- Bianchi → 1INF, 2INF, 1SW
-- Ferretti → 2SW, 2INF, 3SW
INSERT INTO teacher_class (user_id, class_id) VALUES
  ('b0000000-0000-0000-0000-000000000001', 'c0000000-0000-0000-0000-000000000001'),
  ('b0000000-0000-0000-0000-000000000001', 'c0000000-0000-0000-0000-000000000002'),
  ('b0000000-0000-0000-0000-000000000001', 'c0000000-0000-0000-0000-000000000005'),
  ('b0000000-0000-0000-0000-000000000002', 'c0000000-0000-0000-0000-000000000003'),
  ('b0000000-0000-0000-0000-000000000002', 'c0000000-0000-0000-0000-000000000004'),
  ('b0000000-0000-0000-0000-000000000002', 'c0000000-0000-0000-0000-000000000001'),
  ('b0000000-0000-0000-0000-000000000003', 'c0000000-0000-0000-0000-000000000002'),
  ('b0000000-0000-0000-0000-000000000003', 'c0000000-0000-0000-0000-000000000004'),
  ('b0000000-0000-0000-0000-000000000003', 'c0000000-0000-0000-0000-000000000005');

-- ── Students — Class 1SW ─────────────────────────────────────
INSERT INTO app_user (id, name, username, password_hash, created_at) VALUES
  ('d0000000-0000-0000-0001-000000000001', 'Luca Conti',        'luca.conti',        '$2b$12$BdS3h/FrsftOMPJH30ngtenmXYWohfTIet/uRoPwpTNbbQyDc7QSC', NOW()),
  ('d0000000-0000-0000-0001-000000000002', 'Giulia Marchetti',  'giulia.marchetti',  '$2b$12$BdS3h/FrsftOMPJH30ngtenmXYWohfTIet/uRoPwpTNbbQyDc7QSC', NOW()),
  ('d0000000-0000-0000-0001-000000000003', 'Matteo Ferrara',    'matteo.ferrara',    '$2b$12$BdS3h/FrsftOMPJH30ngtenmXYWohfTIet/uRoPwpTNbbQyDc7QSC', NOW()),
  ('d0000000-0000-0000-0001-000000000004', 'Sara Pellegrini',   'sara.pellegrini',   '$2b$12$BdS3h/FrsftOMPJH30ngtenmXYWohfTIet/uRoPwpTNbbQyDc7QSC', NOW()),
  ('d0000000-0000-0000-0001-000000000005', 'Alessandro Vitale', 'alessandro.vitale', '$2b$12$BdS3h/FrsftOMPJH30ngtenmXYWohfTIet/uRoPwpTNbbQyDc7QSC', NOW()),
  ('d0000000-0000-0000-0001-000000000006', 'Chiara Santoro',    'chiara.santoro',    '$2b$12$BdS3h/FrsftOMPJH30ngtenmXYWohfTIet/uRoPwpTNbbQyDc7QSC', NOW()),
  ('d0000000-0000-0000-0001-000000000007', 'Federico Rinaldi',  'federico.rinaldi',  '$2b$12$BdS3h/FrsftOMPJH30ngtenmXYWohfTIet/uRoPwpTNbbQyDc7QSC', NOW()),
  ('d0000000-0000-0000-0001-000000000008', 'Valentina Caruso',  'valentina.caruso',  '$2b$12$BdS3h/FrsftOMPJH30ngtenmXYWohfTIet/uRoPwpTNbbQyDc7QSC', NOW()),
  ('d0000000-0000-0000-0001-000000000009', 'Tommaso Esposito',  'tommaso.esposito',  '$2b$12$BdS3h/FrsftOMPJH30ngtenmXYWohfTIet/uRoPwpTNbbQyDc7QSC', NOW()),
  ('d0000000-0000-0000-0001-00000000000a', 'Elena Moretti',     'elena.moretti',     '$2b$12$BdS3h/FrsftOMPJH30ngtenmXYWohfTIet/uRoPwpTNbbQyDc7QSC', NOW()),
  ('d0000000-0000-0000-0001-00000000000b', 'Davide Fontana',    'davide.fontana',    '$2b$12$BdS3h/FrsftOMPJH30ngtenmXYWohfTIet/uRoPwpTNbbQyDc7QSC', NOW()),
  ('d0000000-0000-0000-0001-00000000000c', 'Martina Barbieri',  'martina.barbieri',  '$2b$12$BdS3h/FrsftOMPJH30ngtenmXYWohfTIet/uRoPwpTNbbQyDc7QSC', NOW());

INSERT INTO app_user_role (user_id, role_id) VALUES
  ('d0000000-0000-0000-0001-000000000001', 'a0000000-0000-0000-0000-000000000002'),
  ('d0000000-0000-0000-0001-000000000002', 'a0000000-0000-0000-0000-000000000002'),
  ('d0000000-0000-0000-0001-000000000003', 'a0000000-0000-0000-0000-000000000002'),
  ('d0000000-0000-0000-0001-000000000004', 'a0000000-0000-0000-0000-000000000002'),
  ('d0000000-0000-0000-0001-000000000005', 'a0000000-0000-0000-0000-000000000002'),
  ('d0000000-0000-0000-0001-000000000006', 'a0000000-0000-0000-0000-000000000002'),
  ('d0000000-0000-0000-0001-000000000007', 'a0000000-0000-0000-0000-000000000002'),
  ('d0000000-0000-0000-0001-000000000008', 'a0000000-0000-0000-0000-000000000002'),
  ('d0000000-0000-0000-0001-000000000009', 'a0000000-0000-0000-0000-000000000002'),
  ('d0000000-0000-0000-0001-00000000000a', 'a0000000-0000-0000-0000-000000000002'),
  ('d0000000-0000-0000-0001-00000000000b', 'a0000000-0000-0000-0000-000000000002'),
  ('d0000000-0000-0000-0001-00000000000c', 'a0000000-0000-0000-0000-000000000002');

INSERT INTO student_profile (id, user_id, class_id) VALUES
  ('d1000000-0000-0000-0001-000000000001', 'd0000000-0000-0000-0001-000000000001', 'c0000000-0000-0000-0000-000000000001'),
  ('d1000000-0000-0000-0001-000000000002', 'd0000000-0000-0000-0001-000000000002', 'c0000000-0000-0000-0000-000000000001'),
  ('d1000000-0000-0000-0001-000000000003', 'd0000000-0000-0000-0001-000000000003', 'c0000000-0000-0000-0000-000000000001'),
  ('d1000000-0000-0000-0001-000000000004', 'd0000000-0000-0000-0001-000000000004', 'c0000000-0000-0000-0000-000000000001'),
  ('d1000000-0000-0000-0001-000000000005', 'd0000000-0000-0000-0001-000000000005', 'c0000000-0000-0000-0000-000000000001'),
  ('d1000000-0000-0000-0001-000000000006', 'd0000000-0000-0000-0001-000000000006', 'c0000000-0000-0000-0000-000000000001'),
  ('d1000000-0000-0000-0001-000000000007', 'd0000000-0000-0000-0001-000000000007', 'c0000000-0000-0000-0000-000000000001'),
  ('d1000000-0000-0000-0001-000000000008', 'd0000000-0000-0000-0001-000000000008', 'c0000000-0000-0000-0000-000000000001'),
  ('d1000000-0000-0000-0001-000000000009', 'd0000000-0000-0000-0001-000000000009', 'c0000000-0000-0000-0000-000000000001'),
  ('d1000000-0000-0000-0001-00000000000a', 'd0000000-0000-0000-0001-00000000000a', 'c0000000-0000-0000-0000-000000000001'),
  ('d1000000-0000-0000-0001-00000000000b', 'd0000000-0000-0000-0001-00000000000b', 'c0000000-0000-0000-0000-000000000001'),
  ('d1000000-0000-0000-0001-00000000000c', 'd0000000-0000-0000-0001-00000000000c', 'c0000000-0000-0000-0000-000000000001');

-- ── Students — Class 2SW ─────────────────────────────────────
INSERT INTO app_user (id, name, username, password_hash, created_at) VALUES
  ('d0000000-0000-0000-0002-000000000001', 'Lorenzo Greco',     'lorenzo.greco',     '$2b$12$BdS3h/FrsftOMPJH30ngtenmXYWohfTIet/uRoPwpTNbbQyDc7QSC', NOW()),
  ('d0000000-0000-0000-0002-000000000002', 'Francesca Gallo',   'francesca.gallo',   '$2b$12$BdS3h/FrsftOMPJH30ngtenmXYWohfTIet/uRoPwpTNbbQyDc7QSC', NOW()),
  ('d0000000-0000-0000-0002-000000000003', 'Andrea Colombo',    'andrea.colombo',    '$2b$12$BdS3h/FrsftOMPJH30ngtenmXYWohfTIet/uRoPwpTNbbQyDc7QSC', NOW()),
  ('d0000000-0000-0000-0002-000000000004', 'Sofia Costa',       'sofia.costa',       '$2b$12$BdS3h/FrsftOMPJH30ngtenmXYWohfTIet/uRoPwpTNbbQyDc7QSC', NOW()),
  ('d0000000-0000-0000-0002-000000000005', 'Simone Rizzo',      'simone.rizzo',      '$2b$12$BdS3h/FrsftOMPJH30ngtenmXYWohfTIet/uRoPwpTNbbQyDc7QSC', NOW()),
  ('d0000000-0000-0000-0002-000000000006', 'Alessia Lombardi',  'alessia.lombardi',  '$2b$12$BdS3h/FrsftOMPJH30ngtenmXYWohfTIet/uRoPwpTNbbQyDc7QSC', NOW()),
  ('d0000000-0000-0000-0002-000000000007', 'Giovanni Mancini',  'giovanni.mancini',  '$2b$12$BdS3h/FrsftOMPJH30ngtenmXYWohfTIet/uRoPwpTNbbQyDc7QSC', NOW()),
  ('d0000000-0000-0000-0002-000000000008', 'Anna Giordano',     'anna.giordano',     '$2b$12$BdS3h/FrsftOMPJH30ngtenmXYWohfTIet/uRoPwpTNbbQyDc7QSC', NOW()),
  ('d0000000-0000-0000-0002-000000000009', 'Riccardo Mariani',  'riccardo.mariani',  '$2b$12$BdS3h/FrsftOMPJH30ngtenmXYWohfTIet/uRoPwpTNbbQyDc7QSC', NOW()),
  ('d0000000-0000-0000-0002-00000000000a', 'Elisa Serra',       'elisa.serra',       '$2b$12$BdS3h/FrsftOMPJH30ngtenmXYWohfTIet/uRoPwpTNbbQyDc7QSC', NOW()),
  ('d0000000-0000-0000-0002-00000000000b', 'Francesco Bruno',   'francesco.bruno',   '$2b$12$BdS3h/FrsftOMPJH30ngtenmXYWohfTIet/uRoPwpTNbbQyDc7QSC', NOW()),
  ('d0000000-0000-0000-0002-00000000000c', 'Roberta De Luca',   'roberta.deluca',    '$2b$12$BdS3h/FrsftOMPJH30ngtenmXYWohfTIet/uRoPwpTNbbQyDc7QSC', NOW());

INSERT INTO app_user_role (user_id, role_id) VALUES
  ('d0000000-0000-0000-0002-000000000001', 'a0000000-0000-0000-0000-000000000002'),
  ('d0000000-0000-0000-0002-000000000002', 'a0000000-0000-0000-0000-000000000002'),
  ('d0000000-0000-0000-0002-000000000003', 'a0000000-0000-0000-0000-000000000002'),
  ('d0000000-0000-0000-0002-000000000004', 'a0000000-0000-0000-0000-000000000002'),
  ('d0000000-0000-0000-0002-000000000005', 'a0000000-0000-0000-0000-000000000002'),
  ('d0000000-0000-0000-0002-000000000006', 'a0000000-0000-0000-0000-000000000002'),
  ('d0000000-0000-0000-0002-000000000007', 'a0000000-0000-0000-0000-000000000002'),
  ('d0000000-0000-0000-0002-000000000008', 'a0000000-0000-0000-0000-000000000002'),
  ('d0000000-0000-0000-0002-000000000009', 'a0000000-0000-0000-0000-000000000002'),
  ('d0000000-0000-0000-0002-00000000000a', 'a0000000-0000-0000-0000-000000000002'),
  ('d0000000-0000-0000-0002-00000000000b', 'a0000000-0000-0000-0000-000000000002'),
  ('d0000000-0000-0000-0002-00000000000c', 'a0000000-0000-0000-0000-000000000002');

INSERT INTO student_profile (id, user_id, class_id) VALUES
  ('d1000000-0000-0000-0002-000000000001', 'd0000000-0000-0000-0002-000000000001', 'c0000000-0000-0000-0000-000000000002'),
  ('d1000000-0000-0000-0002-000000000002', 'd0000000-0000-0000-0002-000000000002', 'c0000000-0000-0000-0000-000000000002'),
  ('d1000000-0000-0000-0002-000000000003', 'd0000000-0000-0000-0002-000000000003', 'c0000000-0000-0000-0000-000000000002'),
  ('d1000000-0000-0000-0002-000000000004', 'd0000000-0000-0000-0002-000000000004', 'c0000000-0000-0000-0000-000000000002'),
  ('d1000000-0000-0000-0002-000000000005', 'd0000000-0000-0000-0002-000000000005', 'c0000000-0000-0000-0000-000000000002'),
  ('d1000000-0000-0000-0002-000000000006', 'd0000000-0000-0000-0002-000000000006', 'c0000000-0000-0000-0000-000000000002'),
  ('d1000000-0000-0000-0002-000000000007', 'd0000000-0000-0000-0002-000000000007', 'c0000000-0000-0000-0000-000000000002'),
  ('d1000000-0000-0000-0002-000000000008', 'd0000000-0000-0000-0002-000000000008', 'c0000000-0000-0000-0000-000000000002'),
  ('d1000000-0000-0000-0002-000000000009', 'd0000000-0000-0000-0002-000000000009', 'c0000000-0000-0000-0000-000000000002'),
  ('d1000000-0000-0000-0002-00000000000a', 'd0000000-0000-0000-0002-00000000000a', 'c0000000-0000-0000-0000-000000000002'),
  ('d1000000-0000-0000-0002-00000000000b', 'd0000000-0000-0000-0002-00000000000b', 'c0000000-0000-0000-0000-000000000002'),
  ('d1000000-0000-0000-0002-00000000000c', 'd0000000-0000-0000-0002-00000000000c', 'c0000000-0000-0000-0000-000000000002');

-- ── Students — Class 1INF ────────────────────────────────────
INSERT INTO app_user (id, name, username, password_hash, created_at) VALUES
  ('d0000000-0000-0000-0003-000000000001', 'Giuseppe Romano',   'giuseppe.romano',   '$2b$12$BdS3h/FrsftOMPJH30ngtenmXYWohfTIet/uRoPwpTNbbQyDc7QSC', NOW()),
  ('d0000000-0000-0000-0003-000000000002', 'Federica Ricci',    'federica.ricci',    '$2b$12$BdS3h/FrsftOMPJH30ngtenmXYWohfTIet/uRoPwpTNbbQyDc7QSC', NOW()),
  ('d0000000-0000-0000-0003-000000000003', 'Paolo Marino',      'paolo.marino',      '$2b$12$BdS3h/FrsftOMPJH30ngtenmXYWohfTIet/uRoPwpTNbbQyDc7QSC', NOW()),
  ('d0000000-0000-0000-0003-000000000004', 'Cristina Leone',    'cristina.leone',    '$2b$12$BdS3h/FrsftOMPJH30ngtenmXYWohfTIet/uRoPwpTNbbQyDc7QSC', NOW()),
  ('d0000000-0000-0000-0003-000000000005', 'Nicola Testa',      'nicola.testa',      '$2b$12$BdS3h/FrsftOMPJH30ngtenmXYWohfTIet/uRoPwpTNbbQyDc7QSC', NOW()),
  ('d0000000-0000-0000-0003-000000000006', 'Silvia Palmieri',   'silvia.palmieri',   '$2b$12$BdS3h/FrsftOMPJH30ngtenmXYWohfTIet/uRoPwpTNbbQyDc7QSC', NOW()),
  ('d0000000-0000-0000-0003-000000000007', 'Fabio Montanari',   'fabio.montanari',   '$2b$12$BdS3h/FrsftOMPJH30ngtenmXYWohfTIet/uRoPwpTNbbQyDc7QSC', NOW()),
  ('d0000000-0000-0000-0003-000000000008', 'Paola Valentini',   'paola.valentini',   '$2b$12$BdS3h/FrsftOMPJH30ngtenmXYWohfTIet/uRoPwpTNbbQyDc7QSC', NOW()),
  ('d0000000-0000-0000-0003-000000000009', 'Emanuele Cattaneo', 'emanuele.cattaneo', '$2b$12$BdS3h/FrsftOMPJH30ngtenmXYWohfTIet/uRoPwpTNbbQyDc7QSC', NOW()),
  ('d0000000-0000-0000-0003-00000000000a', 'Monica Parisi',     'monica.parisi',     '$2b$12$BdS3h/FrsftOMPJH30ngtenmXYWohfTIet/uRoPwpTNbbQyDc7QSC', NOW()),
  ('d0000000-0000-0000-0003-00000000000b', 'Pietro Damiani',    'pietro.damiani',    '$2b$12$BdS3h/FrsftOMPJH30ngtenmXYWohfTIet/uRoPwpTNbbQyDc7QSC', NOW()),
  ('d0000000-0000-0000-0003-00000000000c', 'Beatrice Sala',     'beatrice.sala',     '$2b$12$BdS3h/FrsftOMPJH30ngtenmXYWohfTIet/uRoPwpTNbbQyDc7QSC', NOW());

INSERT INTO app_user_role (user_id, role_id) VALUES
  ('d0000000-0000-0000-0003-000000000001', 'a0000000-0000-0000-0000-000000000002'),
  ('d0000000-0000-0000-0003-000000000002', 'a0000000-0000-0000-0000-000000000002'),
  ('d0000000-0000-0000-0003-000000000003', 'a0000000-0000-0000-0000-000000000002'),
  ('d0000000-0000-0000-0003-000000000004', 'a0000000-0000-0000-0000-000000000002'),
  ('d0000000-0000-0000-0003-000000000005', 'a0000000-0000-0000-0000-000000000002'),
  ('d0000000-0000-0000-0003-000000000006', 'a0000000-0000-0000-0000-000000000002'),
  ('d0000000-0000-0000-0003-000000000007', 'a0000000-0000-0000-0000-000000000002'),
  ('d0000000-0000-0000-0003-000000000008', 'a0000000-0000-0000-0000-000000000002'),
  ('d0000000-0000-0000-0003-000000000009', 'a0000000-0000-0000-0000-000000000002'),
  ('d0000000-0000-0000-0003-00000000000a', 'a0000000-0000-0000-0000-000000000002'),
  ('d0000000-0000-0000-0003-00000000000b', 'a0000000-0000-0000-0000-000000000002'),
  ('d0000000-0000-0000-0003-00000000000c', 'a0000000-0000-0000-0000-000000000002');

INSERT INTO student_profile (id, user_id, class_id) VALUES
  ('d1000000-0000-0000-0003-000000000001', 'd0000000-0000-0000-0003-000000000001', 'c0000000-0000-0000-0000-000000000003'),
  ('d1000000-0000-0000-0003-000000000002', 'd0000000-0000-0000-0003-000000000002', 'c0000000-0000-0000-0000-000000000003'),
  ('d1000000-0000-0000-0003-000000000003', 'd0000000-0000-0000-0003-000000000003', 'c0000000-0000-0000-0000-000000000003'),
  ('d1000000-0000-0000-0003-000000000004', 'd0000000-0000-0000-0003-000000000004', 'c0000000-0000-0000-0000-000000000003'),
  ('d1000000-0000-0000-0003-000000000005', 'd0000000-0000-0000-0003-000000000005', 'c0000000-0000-0000-0000-000000000003'),
  ('d1000000-0000-0000-0003-000000000006', 'd0000000-0000-0000-0003-000000000006', 'c0000000-0000-0000-0000-000000000003'),
  ('d1000000-0000-0000-0003-000000000007', 'd0000000-0000-0000-0003-000000000007', 'c0000000-0000-0000-0000-000000000003'),
  ('d1000000-0000-0000-0003-000000000008', 'd0000000-0000-0000-0003-000000000008', 'c0000000-0000-0000-0000-000000000003'),
  ('d1000000-0000-0000-0003-000000000009', 'd0000000-0000-0000-0003-000000000009', 'c0000000-0000-0000-0000-000000000003'),
  ('d1000000-0000-0000-0003-00000000000a', 'd0000000-0000-0000-0003-00000000000a', 'c0000000-0000-0000-0000-000000000003'),
  ('d1000000-0000-0000-0003-00000000000b', 'd0000000-0000-0000-0003-00000000000b', 'c0000000-0000-0000-0000-000000000003'),
  ('d1000000-0000-0000-0003-00000000000c', 'd0000000-0000-0000-0003-00000000000c', 'c0000000-0000-0000-0000-000000000003');

-- ── Students — Class 2INF ────────────────────────────────────
INSERT INTO app_user (id, name, username, password_hash, created_at) VALUES
  ('d0000000-0000-0000-0004-000000000001', 'Giacomo Ferrara',   'giacomo.ferrara',   '$2b$12$BdS3h/FrsftOMPJH30ngtenmXYWohfTIet/uRoPwpTNbbQyDc7QSC', NOW()),
  ('d0000000-0000-0000-0004-000000000002', 'Claudia Moretti',   'claudia.moretti',   '$2b$12$BdS3h/FrsftOMPJH30ngtenmXYWohfTIet/uRoPwpTNbbQyDc7QSC', NOW()),
  ('d0000000-0000-0000-0004-000000000003', 'Antonio Barbieri',  'antonio.barbieri',  '$2b$12$BdS3h/FrsftOMPJH30ngtenmXYWohfTIet/uRoPwpTNbbQyDc7QSC', NOW()),
  ('d0000000-0000-0000-0004-000000000004', 'Alice Greco',       'alice.greco',       '$2b$12$BdS3h/FrsftOMPJH30ngtenmXYWohfTIet/uRoPwpTNbbQyDc7QSC', NOW()),
  ('d0000000-0000-0000-0004-000000000005', 'Michele Gallo',     'michele.gallo',     '$2b$12$BdS3h/FrsftOMPJH30ngtenmXYWohfTIet/uRoPwpTNbbQyDc7QSC', NOW()),
  ('d0000000-0000-0000-0004-000000000006', 'Aurora Colombo',    'aurora.colombo',    '$2b$12$BdS3h/FrsftOMPJH30ngtenmXYWohfTIet/uRoPwpTNbbQyDc7QSC', NOW()),
  ('d0000000-0000-0000-0004-000000000007', 'Daniele Costa',     'daniele.costa',     '$2b$12$BdS3h/FrsftOMPJH30ngtenmXYWohfTIet/uRoPwpTNbbQyDc7QSC', NOW()),
  ('d0000000-0000-0000-0004-000000000008', 'Giorgia Rizzo',     'giorgia.rizzo',     '$2b$12$BdS3h/FrsftOMPJH30ngtenmXYWohfTIet/uRoPwpTNbbQyDc7QSC', NOW()),
  ('d0000000-0000-0000-0004-000000000009', 'Filippo Lombardi',  'filippo.lombardi',  '$2b$12$BdS3h/FrsftOMPJH30ngtenmXYWohfTIet/uRoPwpTNbbQyDc7QSC', NOW()),
  ('d0000000-0000-0000-0004-00000000000a', 'Serena Mancini',    'serena.mancini',    '$2b$12$BdS3h/FrsftOMPJH30ngtenmXYWohfTIet/uRoPwpTNbbQyDc7QSC', NOW()),
  ('d0000000-0000-0000-0004-00000000000b', 'Enrico Giordano',   'enrico.giordano',   '$2b$12$BdS3h/FrsftOMPJH30ngtenmXYWohfTIet/uRoPwpTNbbQyDc7QSC', NOW()),
  ('d0000000-0000-0000-0004-00000000000c', 'Ilaria Mariani',    'ilaria.mariani',    '$2b$12$BdS3h/FrsftOMPJH30ngtenmXYWohfTIet/uRoPwpTNbbQyDc7QSC', NOW());

INSERT INTO app_user_role (user_id, role_id) VALUES
  ('d0000000-0000-0000-0004-000000000001', 'a0000000-0000-0000-0000-000000000002'),
  ('d0000000-0000-0000-0004-000000000002', 'a0000000-0000-0000-0000-000000000002'),
  ('d0000000-0000-0000-0004-000000000003', 'a0000000-0000-0000-0000-000000000002'),
  ('d0000000-0000-0000-0004-000000000004', 'a0000000-0000-0000-0000-000000000002'),
  ('d0000000-0000-0000-0004-000000000005', 'a0000000-0000-0000-0000-000000000002'),
  ('d0000000-0000-0000-0004-000000000006', 'a0000000-0000-0000-0000-000000000002'),
  ('d0000000-0000-0000-0004-000000000007', 'a0000000-0000-0000-0000-000000000002'),
  ('d0000000-0000-0000-0004-000000000008', 'a0000000-0000-0000-0000-000000000002'),
  ('d0000000-0000-0000-0004-000000000009', 'a0000000-0000-0000-0000-000000000002'),
  ('d0000000-0000-0000-0004-00000000000a', 'a0000000-0000-0000-0000-000000000002'),
  ('d0000000-0000-0000-0004-00000000000b', 'a0000000-0000-0000-0000-000000000002'),
  ('d0000000-0000-0000-0004-00000000000c', 'a0000000-0000-0000-0000-000000000002');

INSERT INTO student_profile (id, user_id, class_id) VALUES
  ('d1000000-0000-0000-0004-000000000001', 'd0000000-0000-0000-0004-000000000001', 'c0000000-0000-0000-0000-000000000004'),
  ('d1000000-0000-0000-0004-000000000002', 'd0000000-0000-0000-0004-000000000002', 'c0000000-0000-0000-0000-000000000004'),
  ('d1000000-0000-0000-0004-000000000003', 'd0000000-0000-0000-0004-000000000003', 'c0000000-0000-0000-0000-000000000004'),
  ('d1000000-0000-0000-0004-000000000004', 'd0000000-0000-0000-0004-000000000004', 'c0000000-0000-0000-0000-000000000004'),
  ('d1000000-0000-0000-0004-000000000005', 'd0000000-0000-0000-0004-000000000005', 'c0000000-0000-0000-0000-000000000004'),
  ('d1000000-0000-0000-0004-000000000006', 'd0000000-0000-0000-0004-000000000006', 'c0000000-0000-0000-0000-000000000004'),
  ('d1000000-0000-0000-0004-000000000007', 'd0000000-0000-0000-0004-000000000007', 'c0000000-0000-0000-0000-000000000004'),
  ('d1000000-0000-0000-0004-000000000008', 'd0000000-0000-0000-0004-000000000008', 'c0000000-0000-0000-0000-000000000004'),
  ('d1000000-0000-0000-0004-000000000009', 'd0000000-0000-0000-0004-000000000009', 'c0000000-0000-0000-0000-000000000004'),
  ('d1000000-0000-0000-0004-00000000000a', 'd0000000-0000-0000-0004-00000000000a', 'c0000000-0000-0000-0000-000000000004'),
  ('d1000000-0000-0000-0004-00000000000b', 'd0000000-0000-0000-0004-00000000000b', 'c0000000-0000-0000-0000-000000000004'),
  ('d1000000-0000-0000-0004-00000000000c', 'd0000000-0000-0000-0004-00000000000c', 'c0000000-0000-0000-0000-000000000004');

-- ── Students — Class 3SW ─────────────────────────────────────
INSERT INTO app_user (id, name, username, password_hash, created_at) VALUES
  ('d0000000-0000-0000-0005-000000000001', 'Claudio Serra',     'claudio.serra',     '$2b$12$BdS3h/FrsftOMPJH30ngtenmXYWohfTIet/uRoPwpTNbbQyDc7QSC', NOW()),
  ('d0000000-0000-0000-0005-000000000002', 'Camilla Bruno',     'camilla.bruno',     '$2b$12$BdS3h/FrsftOMPJH30ngtenmXYWohfTIet/uRoPwpTNbbQyDc7QSC', NOW()),
  ('d0000000-0000-0000-0005-000000000003', 'Giorgio De Luca',   'giorgio.deluca',    '$2b$12$BdS3h/FrsftOMPJH30ngtenmXYWohfTIet/uRoPwpTNbbQyDc7QSC', NOW()),
  ('d0000000-0000-0000-0005-000000000004', 'Arianna Romano',    'arianna.romano',    '$2b$12$BdS3h/FrsftOMPJH30ngtenmXYWohfTIet/uRoPwpTNbbQyDc7QSC', NOW()),
  ('d0000000-0000-0000-0005-000000000005', 'Bruno Ricci',       'bruno.ricci',       '$2b$12$BdS3h/FrsftOMPJH30ngtenmXYWohfTIet/uRoPwpTNbbQyDc7QSC', NOW()),
  ('d0000000-0000-0000-0005-000000000006', 'Noemi Marino',      'noemi.marino',      '$2b$12$BdS3h/FrsftOMPJH30ngtenmXYWohfTIet/uRoPwpTNbbQyDc7QSC', NOW()),
  ('d0000000-0000-0000-0005-000000000007', 'Stefano Conti',     'stefano.conti',     '$2b$12$BdS3h/FrsftOMPJH30ngtenmXYWohfTIet/uRoPwpTNbbQyDc7QSC', NOW()),
  ('d0000000-0000-0000-0005-000000000008', 'Emma Fontana',      'emma.fontana',      '$2b$12$BdS3h/FrsftOMPJH30ngtenmXYWohfTIet/uRoPwpTNbbQyDc7QSC', NOW()),
  ('d0000000-0000-0000-0005-000000000009', 'Roberto Pellegrini', 'roberto.pellegrini', '$2b$12$BdS3h/FrsftOMPJH30ngtenmXYWohfTIet/uRoPwpTNbbQyDc7QSC', NOW()),
  ('d0000000-0000-0000-0005-00000000000a', 'Maria Marchetti',   'maria.marchetti',   '$2b$12$BdS3h/FrsftOMPJH30ngtenmXYWohfTIet/uRoPwpTNbbQyDc7QSC', NOW()),
  ('d0000000-0000-0000-0005-00000000000b', 'Marco Santoro',     'marco.santoro',     '$2b$12$BdS3h/FrsftOMPJH30ngtenmXYWohfTIet/uRoPwpTNbbQyDc7QSC', NOW()),
  ('d0000000-0000-0000-0005-00000000000c', 'Laura Vitale',      'laura.vitale',      '$2b$12$BdS3h/FrsftOMPJH30ngtenmXYWohfTIet/uRoPwpTNbbQyDc7QSC', NOW());

INSERT INTO app_user_role (user_id, role_id) VALUES
  ('d0000000-0000-0000-0005-000000000001', 'a0000000-0000-0000-0000-000000000002'),
  ('d0000000-0000-0000-0005-000000000002', 'a0000000-0000-0000-0000-000000000002'),
  ('d0000000-0000-0000-0005-000000000003', 'a0000000-0000-0000-0000-000000000002'),
  ('d0000000-0000-0000-0005-000000000004', 'a0000000-0000-0000-0000-000000000002'),
  ('d0000000-0000-0000-0005-000000000005', 'a0000000-0000-0000-0000-000000000002'),
  ('d0000000-0000-0000-0005-000000000006', 'a0000000-0000-0000-0000-000000000002'),
  ('d0000000-0000-0000-0005-000000000007', 'a0000000-0000-0000-0000-000000000002'),
  ('d0000000-0000-0000-0005-000000000008', 'a0000000-0000-0000-0000-000000000002'),
  ('d0000000-0000-0000-0005-000000000009', 'a0000000-0000-0000-0000-000000000002'),
  ('d0000000-0000-0000-0005-00000000000a', 'a0000000-0000-0000-0000-000000000002'),
  ('d0000000-0000-0000-0005-00000000000b', 'a0000000-0000-0000-0000-000000000002'),
  ('d0000000-0000-0000-0005-00000000000c', 'a0000000-0000-0000-0000-000000000002');

INSERT INTO student_profile (id, user_id, class_id) VALUES
  ('d1000000-0000-0000-0005-000000000001', 'd0000000-0000-0000-0005-000000000001', 'c0000000-0000-0000-0000-000000000005'),
  ('d1000000-0000-0000-0005-000000000002', 'd0000000-0000-0000-0005-000000000002', 'c0000000-0000-0000-0000-000000000005'),
  ('d1000000-0000-0000-0005-000000000003', 'd0000000-0000-0000-0005-000000000003', 'c0000000-0000-0000-0000-000000000005'),
  ('d1000000-0000-0000-0005-000000000004', 'd0000000-0000-0000-0005-000000000004', 'c0000000-0000-0000-0000-000000000005'),
  ('d1000000-0000-0000-0005-000000000005', 'd0000000-0000-0000-0005-000000000005', 'c0000000-0000-0000-0000-000000000005'),
  ('d1000000-0000-0000-0005-000000000006', 'd0000000-0000-0000-0005-000000000006', 'c0000000-0000-0000-0000-000000000005'),
  ('d1000000-0000-0000-0005-000000000007', 'd0000000-0000-0000-0005-000000000007', 'c0000000-0000-0000-0000-000000000005'),
  ('d1000000-0000-0000-0005-000000000008', 'd0000000-0000-0000-0005-000000000008', 'c0000000-0000-0000-0000-000000000005'),
  ('d1000000-0000-0000-0005-000000000009', 'd0000000-0000-0000-0005-000000000009', 'c0000000-0000-0000-0000-000000000005'),
  ('d1000000-0000-0000-0005-00000000000a', 'd0000000-0000-0000-0005-00000000000a', 'c0000000-0000-0000-0000-000000000005'),
  ('d1000000-0000-0000-0005-00000000000b', 'd0000000-0000-0000-0005-00000000000b', 'c0000000-0000-0000-0000-000000000005'),
  ('d1000000-0000-0000-0005-00000000000c', 'd0000000-0000-0000-0005-00000000000c', 'c0000000-0000-0000-0000-000000000005');

-- ── Subjects ─────────────────────────────────────────────────
INSERT INTO subject (id, label) VALUES
  ('e0000000-0000-0000-0000-000000000001', 'Python'),
  ('e0000000-0000-0000-0000-000000000002', 'HTML/CSS'),
  ('e0000000-0000-0000-0000-000000000003', 'JavaScript'),
  ('e0000000-0000-0000-0000-000000000004', 'Java'),
  ('e0000000-0000-0000-0000-000000000005', 'SQL'),
  ('e0000000-0000-0000-0000-000000000006', 'React'),
  ('e0000000-0000-0000-0000-000000000007', 'Ingegneria del Software');

-- ── Tests ────────────────────────────────────────────────────
INSERT INTO test (id, title, date, timer_minutes, total_pool, questions_per_test, pts_correct, pts_wrong) VALUES
  ('f0000000-0000-0000-0000-000000000001', 'Python - Fondamenti',           '2025-10-15', 30, 5, 5, 0.30, -0.15),
  ('f0000000-0000-0000-0000-000000000002', 'Python - Strutture Dati',       '2025-12-18', 30, 5, 5, 0.30, -0.15),
  ('f0000000-0000-0000-0000-000000000003', 'HTML/CSS - Fondamenti',         '2025-10-20', 30, 5, 5, 1.00, -0.25),
  ('f0000000-0000-0000-0000-000000000004', 'JavaScript - Fondamenti',       '2025-12-10', 30, 5, 5, 1.00, -0.25),
  ('f0000000-0000-0000-0000-000000000005', 'Java - Programmazione OOP',     '2025-11-05', 45, 5, 5, 1.00, -0.25),
  ('f0000000-0000-0000-0000-000000000006', 'SQL - Fondamenti',              '2026-01-20', 30, 5, 5, 1.00, -0.25),
  ('f0000000-0000-0000-0000-000000000007', 'React - Componenti e Stato',    '2025-11-12', 40, 5, 5, 1.00, -0.25),
  ('f0000000-0000-0000-0000-000000000008', 'Progettazione Database',        '2026-02-10', 40, 5, 5, 1.00, -0.25),
  ('f0000000-0000-0000-0000-000000000009', 'Design Patterns',               '2026-01-15', 45, 5, 5, 1.00, -0.25),
  ('f0000000-0000-0000-0000-00000000000a', 'REST API',                      '2026-03-05', 40, 5, 5, 1.00, -0.25);

-- ── Test ↔ Subject ───────────────────────────────────────────
INSERT INTO test_subject (test_id, subject_id) VALUES
  ('f0000000-0000-0000-0000-000000000001', 'e0000000-0000-0000-0000-000000000001'),
  ('f0000000-0000-0000-0000-000000000002', 'e0000000-0000-0000-0000-000000000001'),
  ('f0000000-0000-0000-0000-000000000003', 'e0000000-0000-0000-0000-000000000002'),
  ('f0000000-0000-0000-0000-000000000004', 'e0000000-0000-0000-0000-000000000003'),
  ('f0000000-0000-0000-0000-000000000005', 'e0000000-0000-0000-0000-000000000004'),
  ('f0000000-0000-0000-0000-000000000006', 'e0000000-0000-0000-0000-000000000005'),
  ('f0000000-0000-0000-0000-000000000007', 'e0000000-0000-0000-0000-000000000006'),
  ('f0000000-0000-0000-0000-000000000008', 'e0000000-0000-0000-0000-000000000005'),
  ('f0000000-0000-0000-0000-000000000009', 'e0000000-0000-0000-0000-000000000007'),
  ('f0000000-0000-0000-0000-00000000000a', 'e0000000-0000-0000-0000-000000000007');

-- ── Class ↔ Test ─────────────────────────────────────────────
-- 1SW: Python Fondamenti + Python Strutture Dati
-- 2SW: Java OOP + SQL Fondamenti
-- 1INF: HTML/CSS + JavaScript
-- 2INF: React + Progettazione DB
-- 3SW: Design Patterns + REST API
INSERT INTO class_test (class_id, test_id, activated_at) VALUES
  ('c0000000-0000-0000-0000-000000000001', 'f0000000-0000-0000-0000-000000000001', '2025-10-15 08:00:00'),
  ('c0000000-0000-0000-0000-000000000001', 'f0000000-0000-0000-0000-000000000002', '2025-12-18 08:00:00'),
  ('c0000000-0000-0000-0000-000000000002', 'f0000000-0000-0000-0000-000000000005', '2025-11-05 08:00:00'),
  ('c0000000-0000-0000-0000-000000000002', 'f0000000-0000-0000-0000-000000000006', '2026-01-20 08:00:00'),
  ('c0000000-0000-0000-0000-000000000003', 'f0000000-0000-0000-0000-000000000003', '2025-10-20 08:00:00'),
  ('c0000000-0000-0000-0000-000000000003', 'f0000000-0000-0000-0000-000000000004', '2025-12-10 08:00:00'),
  ('c0000000-0000-0000-0000-000000000004', 'f0000000-0000-0000-0000-000000000007', '2025-11-12 08:00:00'),
  ('c0000000-0000-0000-0000-000000000004', 'f0000000-0000-0000-0000-000000000008', '2026-02-10 08:00:00'),
  ('c0000000-0000-0000-0000-000000000005', 'f0000000-0000-0000-0000-000000000009', '2026-01-15 08:00:00'),
  ('c0000000-0000-0000-0000-000000000005', 'f0000000-0000-0000-0000-00000000000a', '2026-03-05 08:00:00');

-- ============================================================
-- Questions & Options
-- ============================================================

-- ── Test 1: Python - Fondamenti (1SW) ────────────────────────

INSERT INTO question (id, test_id, type, text, code, position) VALUES
  ('f1010000-0000-0000-0000-000000000001', 'f0000000-0000-0000-0000-000000000001', 'MULTIPLE_CHOICE', 'Quale funzione si usa per ottenere il tipo di una variabile in Python?', NULL, 1),
  ('f1010000-0000-0000-0000-000000000002', 'f0000000-0000-0000-0000-000000000001', 'MULTIPLE_CHOICE', 'Quale keyword si usa per aggiungere una condizione alternativa in un blocco if?', NULL, 2),
  ('f1010000-0000-0000-0000-000000000003', 'f0000000-0000-0000-0000-000000000001', 'MULTIPLE_CHOICE', 'Cosa restituisce una funzione senza return?', NULL, 3),
  ('f1010000-0000-0000-0000-000000000004', 'f0000000-0000-0000-0000-000000000001', 'MULTIPLE_CHOICE', 'Qual e'' il risultato di 10 // 3 in Python?', NULL, 4),
  ('f1010000-0000-0000-0000-000000000005', 'f0000000-0000-0000-0000-000000000001', 'MULTIPLE_CHOICE', 'Cosa stampa questo codice?', 'for i in range(3):\n    print(i, end=" ")', 5);

INSERT INTO option (id, question_id, text, is_correct, is_fallback, position) VALUES
  ('f2010000-0000-0000-0001-000000000001', 'f1010000-0000-0000-0000-000000000001', 'typeof()',  false, false, 1),
  ('f2010000-0000-0000-0001-000000000002', 'f1010000-0000-0000-0000-000000000001', 'type()',    true,  false, 2),
  ('f2010000-0000-0000-0001-000000000003', 'f1010000-0000-0000-0000-000000000001', 'gettype()', false, false, 3),
  ('f2010000-0000-0000-0001-000000000004', 'f1010000-0000-0000-0000-000000000001', 'Nessuna delle precedenti', false, true, 4),

  ('f2010000-0000-0000-0002-000000000001', 'f1010000-0000-0000-0000-000000000002', 'else if', false, false, 1),
  ('f2010000-0000-0000-0002-000000000002', 'f1010000-0000-0000-0000-000000000002', 'elseif',  false, false, 2),
  ('f2010000-0000-0000-0002-000000000003', 'f1010000-0000-0000-0000-000000000002', 'elif',    true,  false, 3),
  ('f2010000-0000-0000-0002-000000000004', 'f1010000-0000-0000-0000-000000000002', 'Nessuna delle precedenti', false, true, 4),

  ('f2010000-0000-0000-0003-000000000001', 'f1010000-0000-0000-0000-000000000003', '0',    false, false, 1),
  ('f2010000-0000-0000-0003-000000000002', 'f1010000-0000-0000-0000-000000000003', 'None', true,  false, 2),
  ('f2010000-0000-0000-0003-000000000003', 'f1010000-0000-0000-0000-000000000003', 'Una stringa vuota', false, false, 3),
  ('f2010000-0000-0000-0003-000000000004', 'f1010000-0000-0000-0000-000000000003', 'Nessuna delle precedenti', false, true, 4),

  ('f2010000-0000-0000-0004-000000000001', 'f1010000-0000-0000-0000-000000000004', '3.33', false, false, 1),
  ('f2010000-0000-0000-0004-000000000002', 'f1010000-0000-0000-0000-000000000004', '3',    true,  false, 2),
  ('f2010000-0000-0000-0004-000000000003', 'f1010000-0000-0000-0000-000000000004', '4',    false, false, 3),
  ('f2010000-0000-0000-0004-000000000004', 'f1010000-0000-0000-0000-000000000004', 'Nessuna delle precedenti', false, true, 4),

  ('f2010000-0000-0000-0005-000000000001', 'f1010000-0000-0000-0000-000000000005', '1 2 3',   false, false, 1),
  ('f2010000-0000-0000-0005-000000000002', 'f1010000-0000-0000-0000-000000000005', '0 1 2',   true,  false, 2),
  ('f2010000-0000-0000-0005-000000000003', 'f1010000-0000-0000-0000-000000000005', '0 1 2 3', false, false, 3),
  ('f2010000-0000-0000-0005-000000000004', 'f1010000-0000-0000-0000-000000000005', 'Nessuna delle precedenti', false, true, 4);

-- ── Test 2: Python - Strutture Dati (1SW) ────────────────────

INSERT INTO question (id, test_id, type, text, code, position) VALUES
  ('f1020000-0000-0000-0000-000000000001', 'f0000000-0000-0000-0000-000000000002', 'MULTIPLE_CHOICE', 'Cosa fa il metodo append() di una lista?', NULL, 1),
  ('f1020000-0000-0000-0000-000000000002', 'f0000000-0000-0000-0000-000000000002', 'MULTIPLE_CHOICE', 'Qual e'' la differenza tra pop() e remove()?', NULL, 2),
  ('f1020000-0000-0000-0000-000000000003', 'f0000000-0000-0000-0000-000000000002', 'MULTIPLE_CHOICE', 'Cosa restituisce il metodo keys() di un dizionario?', NULL, 3),
  ('f1020000-0000-0000-0000-000000000004', 'f0000000-0000-0000-0000-000000000002', 'MULTIPLE_CHOICE', 'Come si accede al terzo elemento di una lista?', NULL, 4),
  ('f1020000-0000-0000-0000-000000000005', 'f0000000-0000-0000-0000-000000000002', 'MULTIPLE_CHOICE', 'Cosa stampa questo codice?', 'lista = [1, 2, 3]\nlista.append([4, 5])\nprint(len(lista))', 5);

INSERT INTO option (id, question_id, text, is_correct, is_fallback, position) VALUES
  ('f2020000-0000-0000-0001-000000000001', 'f1020000-0000-0000-0000-000000000001', 'Rimuove l''ultimo elemento',   false, false, 1),
  ('f2020000-0000-0000-0001-000000000002', 'f1020000-0000-0000-0000-000000000001', 'Aggiunge un elemento in coda', true,  false, 2),
  ('f2020000-0000-0000-0001-000000000003', 'f1020000-0000-0000-0000-000000000001', 'Ordina la lista',              false, false, 3),
  ('f2020000-0000-0000-0001-000000000004', 'f1020000-0000-0000-0000-000000000001', 'Nessuna delle precedenti',     false, true,  4),

  ('f2020000-0000-0000-0002-000000000001', 'f1020000-0000-0000-0000-000000000002', 'Sono sinonimi', false, false, 1),
  ('f2020000-0000-0000-0002-000000000002', 'f1020000-0000-0000-0000-000000000002', 'pop() rimuove per indice; remove() per valore', true, false, 2),
  ('f2020000-0000-0000-0002-000000000003', 'f1020000-0000-0000-0000-000000000002', 'remove() rimuove per indice; pop() per valore', false, false, 3),
  ('f2020000-0000-0000-0002-000000000004', 'f1020000-0000-0000-0000-000000000002', 'Nessuna delle precedenti', false, true, 4),

  ('f2020000-0000-0000-0003-000000000001', 'f1020000-0000-0000-0000-000000000003', 'Una lista di tutti i valori',          false, false, 1),
  ('f2020000-0000-0000-0003-000000000002', 'f1020000-0000-0000-0000-000000000003', 'Una vista di tutte le chiavi',         true,  false, 2),
  ('f2020000-0000-0000-0003-000000000003', 'f1020000-0000-0000-0000-000000000003', 'Una lista di tuple (chiave, valore)',  false, false, 3),
  ('f2020000-0000-0000-0003-000000000004', 'f1020000-0000-0000-0000-000000000003', 'Nessuna delle precedenti',            false, true,  4),

  ('f2020000-0000-0000-0004-000000000001', 'f1020000-0000-0000-0000-000000000004', 'lista[3]', false, false, 1),
  ('f2020000-0000-0000-0004-000000000002', 'f1020000-0000-0000-0000-000000000004', 'lista[2]', true,  false, 2),
  ('f2020000-0000-0000-0004-000000000003', 'f1020000-0000-0000-0000-000000000004', 'lista(3)', false, false, 3),
  ('f2020000-0000-0000-0004-000000000004', 'f1020000-0000-0000-0000-000000000004', 'Nessuna delle precedenti', false, true, 4),

  ('f2020000-0000-0000-0005-000000000001', 'f1020000-0000-0000-0000-000000000005', '3', false, false, 1),
  ('f2020000-0000-0000-0005-000000000002', 'f1020000-0000-0000-0000-000000000005', '4', true,  false, 2),
  ('f2020000-0000-0000-0005-000000000003', 'f1020000-0000-0000-0000-000000000005', '5', false, false, 3),
  ('f2020000-0000-0000-0005-000000000004', 'f1020000-0000-0000-0000-000000000005', 'Nessuna delle precedenti', false, true, 4);

-- ── Test 3: HTML/CSS - Fondamenti (1INF) ─────────────────────

INSERT INTO question (id, test_id, type, text, code, position) VALUES
  ('f1030000-0000-0000-0000-000000000001', 'f0000000-0000-0000-0000-000000000003', 'MULTIPLE_CHOICE', 'Quale tag HTML definisce un paragrafo?', NULL, 1),
  ('f1030000-0000-0000-0000-000000000002', 'f0000000-0000-0000-0000-000000000003', 'MULTIPLE_CHOICE', 'Quale proprieta'' CSS cambia il colore del testo?', NULL, 2),
  ('f1030000-0000-0000-0000-000000000003', 'f0000000-0000-0000-0000-000000000003', 'MULTIPLE_CHOICE', 'Cosa significa l''acronimo HTML?', NULL, 3),
  ('f1030000-0000-0000-0000-000000000004', 'f0000000-0000-0000-0000-000000000003', 'MULTIPLE_CHOICE', 'Quale attributo specifica l''URL di un link?', NULL, 4),
  ('f1030000-0000-0000-0000-000000000005', 'f0000000-0000-0000-0000-000000000003', 'MULTIPLE_CHOICE', 'Come si seleziona un elemento per id in CSS?', NULL, 5);

INSERT INTO option (id, question_id, text, is_correct, is_fallback, position) VALUES
  ('f2030000-0000-0000-0001-000000000001', 'f1030000-0000-0000-0000-000000000001', '<p>',      true,  false, 1),
  ('f2030000-0000-0000-0001-000000000002', 'f1030000-0000-0000-0000-000000000001', '<para>',   false, false, 2),
  ('f2030000-0000-0000-0001-000000000003', 'f1030000-0000-0000-0000-000000000001', '<text>',   false, false, 3),
  ('f2030000-0000-0000-0001-000000000004', 'f1030000-0000-0000-0000-000000000001', '<paragraph>', false, false, 4),

  ('f2030000-0000-0000-0002-000000000001', 'f1030000-0000-0000-0000-000000000002', 'font-color',  false, false, 1),
  ('f2030000-0000-0000-0002-000000000002', 'f1030000-0000-0000-0000-000000000002', 'text-color',  false, false, 2),
  ('f2030000-0000-0000-0002-000000000003', 'f1030000-0000-0000-0000-000000000002', 'color',       true,  false, 3),
  ('f2030000-0000-0000-0002-000000000004', 'f1030000-0000-0000-0000-000000000002', 'Nessuna delle precedenti', false, true, 4),

  ('f2030000-0000-0000-0003-000000000001', 'f1030000-0000-0000-0000-000000000003', 'High Tech Modern Language',      false, false, 1),
  ('f2030000-0000-0000-0003-000000000002', 'f1030000-0000-0000-0000-000000000003', 'HyperText Markup Language',      true,  false, 2),
  ('f2030000-0000-0000-0003-000000000003', 'f1030000-0000-0000-0000-000000000003', 'HyperText Machine Language',     false, false, 3),
  ('f2030000-0000-0000-0003-000000000004', 'f1030000-0000-0000-0000-000000000003', 'Nessuna delle precedenti',       false, true,  4),

  ('f2030000-0000-0000-0004-000000000001', 'f1030000-0000-0000-0000-000000000004', 'src',   false, false, 1),
  ('f2030000-0000-0000-0004-000000000002', 'f1030000-0000-0000-0000-000000000004', 'href',  true,  false, 2),
  ('f2030000-0000-0000-0004-000000000003', 'f1030000-0000-0000-0000-000000000004', 'link',  false, false, 3),
  ('f2030000-0000-0000-0004-000000000004', 'f1030000-0000-0000-0000-000000000004', 'url',   false, false, 4),

  ('f2030000-0000-0000-0005-000000000001', 'f1030000-0000-0000-0000-000000000005', '.id',   false, false, 1),
  ('f2030000-0000-0000-0005-000000000002', 'f1030000-0000-0000-0000-000000000005', '#id',   true,  false, 2),
  ('f2030000-0000-0000-0005-000000000003', 'f1030000-0000-0000-0000-000000000005', '@id',   false, false, 3),
  ('f2030000-0000-0000-0005-000000000004', 'f1030000-0000-0000-0000-000000000005', 'Nessuna delle precedenti', false, true, 4);

-- ── Test 4: JavaScript - Fondamenti (1INF) ───────────────────

INSERT INTO question (id, test_id, type, text, code, position) VALUES
  ('f1040000-0000-0000-0000-000000000001', 'f0000000-0000-0000-0000-000000000004', 'MULTIPLE_CHOICE', 'Come si dichiara una variabile costante in JavaScript?', NULL, 1),
  ('f1040000-0000-0000-0000-000000000002', 'f0000000-0000-0000-0000-000000000004', 'MULTIPLE_CHOICE', 'Quale metodo aggiunge un elemento alla fine di un array?', NULL, 2),
  ('f1040000-0000-0000-0000-000000000003', 'f0000000-0000-0000-0000-000000000004', 'MULTIPLE_CHOICE', 'Cosa restituisce typeof null?', NULL, 3),
  ('f1040000-0000-0000-0000-000000000004', 'f0000000-0000-0000-0000-000000000004', 'MULTIPLE_CHOICE', 'Qual e'' la differenza tra == e ===?', NULL, 4),
  ('f1040000-0000-0000-0000-000000000005', 'f0000000-0000-0000-0000-000000000004', 'MULTIPLE_CHOICE', 'Cosa stampa questo codice?', 'console.log(typeof []);', 5);

INSERT INTO option (id, question_id, text, is_correct, is_fallback, position) VALUES
  ('f2040000-0000-0000-0001-000000000001', 'f1040000-0000-0000-0000-000000000001', 'var',    false, false, 1),
  ('f2040000-0000-0000-0001-000000000002', 'f1040000-0000-0000-0000-000000000001', 'let',    false, false, 2),
  ('f2040000-0000-0000-0001-000000000003', 'f1040000-0000-0000-0000-000000000001', 'const',  true,  false, 3),
  ('f2040000-0000-0000-0001-000000000004', 'f1040000-0000-0000-0000-000000000001', 'final',  false, false, 4),

  ('f2040000-0000-0000-0002-000000000001', 'f1040000-0000-0000-0000-000000000002', 'append()',  false, false, 1),
  ('f2040000-0000-0000-0002-000000000002', 'f1040000-0000-0000-0000-000000000002', 'push()',    true,  false, 2),
  ('f2040000-0000-0000-0002-000000000003', 'f1040000-0000-0000-0000-000000000002', 'add()',     false, false, 3),
  ('f2040000-0000-0000-0002-000000000004', 'f1040000-0000-0000-0000-000000000002', 'insert()',  false, false, 4),

  ('f2040000-0000-0000-0003-000000000001', 'f1040000-0000-0000-0000-000000000003', '"null"',      false, false, 1),
  ('f2040000-0000-0000-0003-000000000002', 'f1040000-0000-0000-0000-000000000003', '"object"',    true,  false, 2),
  ('f2040000-0000-0000-0003-000000000003', 'f1040000-0000-0000-0000-000000000003', '"undefined"', false, false, 3),
  ('f2040000-0000-0000-0003-000000000004', 'f1040000-0000-0000-0000-000000000003', 'Nessuna delle precedenti', false, true, 4),

  ('f2040000-0000-0000-0004-000000000001', 'f1040000-0000-0000-0000-000000000004', 'Sono identici',                              false, false, 1),
  ('f2040000-0000-0000-0004-000000000002', 'f1040000-0000-0000-0000-000000000004', '== confronta con coercizione; === senza',    true,  false, 2),
  ('f2040000-0000-0000-0004-000000000003', 'f1040000-0000-0000-0000-000000000004', '=== confronta con coercizione; == senza',    false, false, 3),
  ('f2040000-0000-0000-0004-000000000004', 'f1040000-0000-0000-0000-000000000004', 'Nessuna delle precedenti',                   false, true,  4),

  ('f2040000-0000-0000-0005-000000000001', 'f1040000-0000-0000-0000-000000000005', '"array"',     false, false, 1),
  ('f2040000-0000-0000-0005-000000000002', 'f1040000-0000-0000-0000-000000000005', '"object"',    true,  false, 2),
  ('f2040000-0000-0000-0005-000000000003', 'f1040000-0000-0000-0000-000000000005', '"list"',      false, false, 3),
  ('f2040000-0000-0000-0005-000000000004', 'f1040000-0000-0000-0000-000000000005', 'Nessuna delle precedenti', false, true, 4);

-- ── Test 5: Java - OOP (2SW) ─────────────────────────────────

INSERT INTO question (id, test_id, type, text, code, position) VALUES
  ('f1050000-0000-0000-0000-000000000001', 'f0000000-0000-0000-0000-000000000005', 'MULTIPLE_CHOICE', 'Quale keyword crea una nuova istanza di un oggetto in Java?', NULL, 1),
  ('f1050000-0000-0000-0000-000000000002', 'f0000000-0000-0000-0000-000000000005', 'MULTIPLE_CHOICE', 'Cosa indica il modificatore di accesso private?', NULL, 2),
  ('f1050000-0000-0000-0000-000000000003', 'f0000000-0000-0000-0000-000000000005', 'MULTIPLE_CHOICE', 'Quale keyword permette a una classe di ereditare da un''altra?', NULL, 3),
  ('f1050000-0000-0000-0000-000000000004', 'f0000000-0000-0000-0000-000000000005', 'MULTIPLE_CHOICE', 'Cosa fa l''annotazione @Override?', NULL, 4),
  ('f1050000-0000-0000-0000-000000000005', 'f0000000-0000-0000-0000-000000000005', 'MULTIPLE_CHOICE', 'Quale di queste e'' una definizione corretta di interfaccia?', 'public interface Veicolo {\n    void avvia();\n}', 5);

INSERT INTO option (id, question_id, text, is_correct, is_fallback, position) VALUES
  ('f2050000-0000-0000-0001-000000000001', 'f1050000-0000-0000-0000-000000000001', 'create',   false, false, 1),
  ('f2050000-0000-0000-0001-000000000002', 'f1050000-0000-0000-0000-000000000001', 'new',      true,  false, 2),
  ('f2050000-0000-0000-0001-000000000003', 'f1050000-0000-0000-0000-000000000001', 'make',     false, false, 3),
  ('f2050000-0000-0000-0001-000000000004', 'f1050000-0000-0000-0000-000000000001', 'init',     false, false, 4),

  ('f2050000-0000-0000-0002-000000000001', 'f1050000-0000-0000-0000-000000000002', 'Visibile ovunque',                false, false, 1),
  ('f2050000-0000-0000-0002-000000000002', 'f1050000-0000-0000-0000-000000000002', 'Visibile solo nella stessa classe', true, false, 2),
  ('f2050000-0000-0000-0002-000000000003', 'f1050000-0000-0000-0000-000000000002', 'Visibile nel package',            false, false, 3),
  ('f2050000-0000-0000-0002-000000000004', 'f1050000-0000-0000-0000-000000000002', 'Visibile nelle sottoclassi',      false, false, 4),

  ('f2050000-0000-0000-0003-000000000001', 'f1050000-0000-0000-0000-000000000003', 'implements', false, false, 1),
  ('f2050000-0000-0000-0003-000000000002', 'f1050000-0000-0000-0000-000000000003', 'extends',   true,  false, 2),
  ('f2050000-0000-0000-0003-000000000003', 'f1050000-0000-0000-0000-000000000003', 'inherits',  false, false, 3),
  ('f2050000-0000-0000-0003-000000000004', 'f1050000-0000-0000-0000-000000000003', 'Nessuna delle precedenti', false, true, 4),

  ('f2050000-0000-0000-0004-000000000001', 'f1050000-0000-0000-0000-000000000004', 'Crea un nuovo metodo',                                    false, false, 1),
  ('f2050000-0000-0000-0004-000000000002', 'f1050000-0000-0000-0000-000000000004', 'Indica che il metodo sovrascrive quello della superclasse', true,  false, 2),
  ('f2050000-0000-0000-0004-000000000003', 'f1050000-0000-0000-0000-000000000004', 'Rende il metodo statico',                                 false, false, 3),
  ('f2050000-0000-0000-0004-000000000004', 'f1050000-0000-0000-0000-000000000004', 'Nessuna delle precedenti',                                false, true,  4),

  ('f2050000-0000-0000-0005-000000000001', 'f1050000-0000-0000-0000-000000000005', 'Si, e'' corretta',              true,  false, 1),
  ('f2050000-0000-0000-0005-000000000002', 'f1050000-0000-0000-0000-000000000005', 'No, manca il corpo del metodo', false, false, 2),
  ('f2050000-0000-0000-0005-000000000003', 'f1050000-0000-0000-0000-000000000005', 'No, serve la keyword class',    false, false, 3),
  ('f2050000-0000-0000-0005-000000000004', 'f1050000-0000-0000-0000-000000000005', 'Nessuna delle precedenti',      false, true,  4);

-- ── Test 6: SQL - Fondamenti (2SW) ───────────────────────────

INSERT INTO question (id, test_id, type, text, code, position) VALUES
  ('f1060000-0000-0000-0000-000000000001', 'f0000000-0000-0000-0000-000000000006', 'MULTIPLE_CHOICE', 'Quale comando SQL seleziona tutti i record di una tabella?', NULL, 1),
  ('f1060000-0000-0000-0000-000000000002', 'f0000000-0000-0000-0000-000000000006', 'MULTIPLE_CHOICE', 'Quale clausola filtra i risultati di una query?', NULL, 2),
  ('f1060000-0000-0000-0000-000000000003', 'f0000000-0000-0000-0000-000000000006', 'MULTIPLE_CHOICE', 'Cosa fa la clausola GROUP BY?', NULL, 3),
  ('f1060000-0000-0000-0000-000000000004', 'f0000000-0000-0000-0000-000000000006', 'MULTIPLE_CHOICE', 'Quale tipo di JOIN restituisce solo le righe con corrispondenza in entrambe le tabelle?', NULL, 4),
  ('f1060000-0000-0000-0000-000000000005', 'f0000000-0000-0000-0000-000000000006', 'MULTIPLE_CHOICE', 'Cosa restituisce questa query?', 'SELECT COUNT(*) FROM studenti WHERE voto >= 18;', 5);

INSERT INTO option (id, question_id, text, is_correct, is_fallback, position) VALUES
  ('f2060000-0000-0000-0001-000000000001', 'f1060000-0000-0000-0000-000000000001', 'GET * FROM tabella',    false, false, 1),
  ('f2060000-0000-0000-0001-000000000002', 'f1060000-0000-0000-0000-000000000001', 'SELECT * FROM tabella', true,  false, 2),
  ('f2060000-0000-0000-0001-000000000003', 'f1060000-0000-0000-0000-000000000001', 'FETCH * FROM tabella',  false, false, 3),
  ('f2060000-0000-0000-0001-000000000004', 'f1060000-0000-0000-0000-000000000001', 'READ * FROM tabella',   false, false, 4),

  ('f2060000-0000-0000-0002-000000000001', 'f1060000-0000-0000-0000-000000000002', 'FILTER', false, false, 1),
  ('f2060000-0000-0000-0002-000000000002', 'f1060000-0000-0000-0000-000000000002', 'WHERE',  true,  false, 2),
  ('f2060000-0000-0000-0002-000000000003', 'f1060000-0000-0000-0000-000000000002', 'HAVING', false, false, 3),
  ('f2060000-0000-0000-0002-000000000004', 'f1060000-0000-0000-0000-000000000002', 'Nessuna delle precedenti', false, true, 4),

  ('f2060000-0000-0000-0003-000000000001', 'f1060000-0000-0000-0000-000000000003', 'Ordina i risultati',                  false, false, 1),
  ('f2060000-0000-0000-0003-000000000002', 'f1060000-0000-0000-0000-000000000003', 'Raggruppa i risultati per colonna',   true,  false, 2),
  ('f2060000-0000-0000-0003-000000000003', 'f1060000-0000-0000-0000-000000000003', 'Limita il numero di risultati',       false, false, 3),
  ('f2060000-0000-0000-0003-000000000004', 'f1060000-0000-0000-0000-000000000003', 'Nessuna delle precedenti',            false, true,  4),

  ('f2060000-0000-0000-0004-000000000001', 'f1060000-0000-0000-0000-000000000004', 'LEFT JOIN',  false, false, 1),
  ('f2060000-0000-0000-0004-000000000002', 'f1060000-0000-0000-0000-000000000004', 'RIGHT JOIN', false, false, 2),
  ('f2060000-0000-0000-0004-000000000003', 'f1060000-0000-0000-0000-000000000004', 'INNER JOIN', true,  false, 3),
  ('f2060000-0000-0000-0004-000000000004', 'f1060000-0000-0000-0000-000000000004', 'FULL JOIN',  false, false, 4),

  ('f2060000-0000-0000-0005-000000000001', 'f1060000-0000-0000-0000-000000000005', 'Tutti i record con voto >= 18',          false, false, 1),
  ('f2060000-0000-0000-0005-000000000002', 'f1060000-0000-0000-0000-000000000005', 'Il numero di studenti con voto >= 18',   true,  false, 2),
  ('f2060000-0000-0000-0005-000000000003', 'f1060000-0000-0000-0000-000000000005', 'La somma dei voti >= 18',                false, false, 3),
  ('f2060000-0000-0000-0005-000000000004', 'f1060000-0000-0000-0000-000000000005', 'Nessuna delle precedenti',               false, true,  4);

-- ── Test 7: React - Componenti e Stato (2INF) ────────────────

INSERT INTO question (id, test_id, type, text, code, position) VALUES
  ('f1070000-0000-0000-0000-000000000001', 'f0000000-0000-0000-0000-000000000007', 'MULTIPLE_CHOICE', 'Come si definisce uno stato in un componente funzionale React?', NULL, 1),
  ('f1070000-0000-0000-0000-000000000002', 'f0000000-0000-0000-0000-000000000007', 'MULTIPLE_CHOICE', 'Cosa sono le props in React?', NULL, 2),
  ('f1070000-0000-0000-0000-000000000003', 'f0000000-0000-0000-0000-000000000007', 'MULTIPLE_CHOICE', 'Quale hook gestisce gli effetti collaterali?', NULL, 3),
  ('f1070000-0000-0000-0000-000000000004', 'f0000000-0000-0000-0000-000000000007', 'MULTIPLE_CHOICE', 'Come si renderizza una lista di elementi in JSX?', NULL, 4),
  ('f1070000-0000-0000-0000-000000000005', 'f0000000-0000-0000-0000-000000000007', 'MULTIPLE_CHOICE', 'Cosa produce questo componente?', 'function App() {\n  const [count, setCount] = useState(0);\n  return <button onClick={() => setCount(count + 1)}>{count}</button>;\n}', 5);

INSERT INTO option (id, question_id, text, is_correct, is_fallback, position) VALUES
  ('f2070000-0000-0000-0001-000000000001', 'f1070000-0000-0000-0000-000000000001', 'this.state',   false, false, 1),
  ('f2070000-0000-0000-0001-000000000002', 'f1070000-0000-0000-0000-000000000001', 'useState()',   true,  false, 2),
  ('f2070000-0000-0000-0001-000000000003', 'f1070000-0000-0000-0000-000000000001', 'createState()', false, false, 3),
  ('f2070000-0000-0000-0001-000000000004', 'f1070000-0000-0000-0000-000000000001', 'Nessuna delle precedenti', false, true, 4),

  ('f2070000-0000-0000-0002-000000000001', 'f1070000-0000-0000-0000-000000000002', 'Variabili globali del componente',        false, false, 1),
  ('f2070000-0000-0000-0002-000000000002', 'f1070000-0000-0000-0000-000000000002', 'Parametri passati dal componente padre',  true,  false, 2),
  ('f2070000-0000-0000-0002-000000000003', 'f1070000-0000-0000-0000-000000000002', 'Stili CSS del componente',                false, false, 3),
  ('f2070000-0000-0000-0002-000000000004', 'f1070000-0000-0000-0000-000000000002', 'Nessuna delle precedenti',                false, true,  4),

  ('f2070000-0000-0000-0003-000000000001', 'f1070000-0000-0000-0000-000000000003', 'useContext()', false, false, 1),
  ('f2070000-0000-0000-0003-000000000002', 'f1070000-0000-0000-0000-000000000003', 'useEffect()', true,  false, 2),
  ('f2070000-0000-0000-0003-000000000003', 'f1070000-0000-0000-0000-000000000003', 'useRef()',    false, false, 3),
  ('f2070000-0000-0000-0003-000000000004', 'f1070000-0000-0000-0000-000000000003', 'useMemo()',   false, false, 4),

  ('f2070000-0000-0000-0004-000000000001', 'f1070000-0000-0000-0000-000000000004', 'forEach()',                 false, false, 1),
  ('f2070000-0000-0000-0004-000000000002', 'f1070000-0000-0000-0000-000000000004', 'map()',                     true,  false, 2),
  ('f2070000-0000-0000-0004-000000000003', 'f1070000-0000-0000-0000-000000000004', 'for...of',                  false, false, 3),
  ('f2070000-0000-0000-0004-000000000004', 'f1070000-0000-0000-0000-000000000004', 'Nessuna delle precedenti',  false, true,  4),

  ('f2070000-0000-0000-0005-000000000001', 'f1070000-0000-0000-0000-000000000005', 'Un bottone che mostra 0 e non cambia',            false, false, 1),
  ('f2070000-0000-0000-0005-000000000002', 'f1070000-0000-0000-0000-000000000005', 'Un bottone che incrementa il contatore ad ogni click', true, false, 2),
  ('f2070000-0000-0000-0005-000000000003', 'f1070000-0000-0000-0000-000000000005', 'Un errore di compilazione',                       false, false, 3),
  ('f2070000-0000-0000-0005-000000000004', 'f1070000-0000-0000-0000-000000000005', 'Nessuna delle precedenti',                        false, true,  4);

-- ── Test 8: Progettazione Database (2INF) ────────────────────

INSERT INTO question (id, test_id, type, text, code, position) VALUES
  ('f1080000-0000-0000-0000-000000000001', 'f0000000-0000-0000-0000-000000000008', 'MULTIPLE_CHOICE', 'Cos''e'' una chiave primaria?', NULL, 1),
  ('f1080000-0000-0000-0000-000000000002', 'f0000000-0000-0000-0000-000000000008', 'MULTIPLE_CHOICE', 'Cosa rappresenta una relazione 1:N?', NULL, 2),
  ('f1080000-0000-0000-0000-000000000003', 'f0000000-0000-0000-0000-000000000008', 'MULTIPLE_CHOICE', 'Cos''e'' la normalizzazione?', NULL, 3),
  ('f1080000-0000-0000-0000-000000000004', 'f0000000-0000-0000-0000-000000000008', 'MULTIPLE_CHOICE', 'A cosa serve una chiave esterna (foreign key)?', NULL, 4),
  ('f1080000-0000-0000-0000-000000000005', 'f0000000-0000-0000-0000-000000000008', 'MULTIPLE_CHOICE', 'Cos''e'' un indice in un database?', NULL, 5);

INSERT INTO option (id, question_id, text, is_correct, is_fallback, position) VALUES
  ('f2080000-0000-0000-0001-000000000001', 'f1080000-0000-0000-0000-000000000001', 'Un campo qualsiasi della tabella',              false, false, 1),
  ('f2080000-0000-0000-0001-000000000002', 'f1080000-0000-0000-0000-000000000001', 'Un identificatore univoco per ogni riga',       true,  false, 2),
  ('f2080000-0000-0000-0001-000000000003', 'f1080000-0000-0000-0000-000000000001', 'Il primo campo creato nella tabella',           false, false, 3),
  ('f2080000-0000-0000-0001-000000000004', 'f1080000-0000-0000-0000-000000000001', 'Nessuna delle precedenti',                      false, true,  4),

  ('f2080000-0000-0000-0002-000000000001', 'f1080000-0000-0000-0000-000000000002', 'Ogni record e'' associato a un solo record',    false, false, 1),
  ('f2080000-0000-0000-0002-000000000002', 'f1080000-0000-0000-0000-000000000002', 'Un record e'' associato a molti record',        true,  false, 2),
  ('f2080000-0000-0000-0002-000000000003', 'f1080000-0000-0000-0000-000000000002', 'Molti record sono associati a molti record',    false, false, 3),
  ('f2080000-0000-0000-0002-000000000004', 'f1080000-0000-0000-0000-000000000002', 'Nessuna delle precedenti',                      false, true,  4),

  ('f2080000-0000-0000-0003-000000000001', 'f1080000-0000-0000-0000-000000000003', 'Aggiungere ridondanza per velocizzare le query', false, false, 1),
  ('f2080000-0000-0000-0003-000000000002', 'f1080000-0000-0000-0000-000000000003', 'Processo per ridurre la ridondanza dei dati',    true,  false, 2),
  ('f2080000-0000-0000-0003-000000000003', 'f1080000-0000-0000-0000-000000000003', 'Creare backup del database',                    false, false, 3),
  ('f2080000-0000-0000-0003-000000000004', 'f1080000-0000-0000-0000-000000000003', 'Nessuna delle precedenti',                      false, true,  4),

  ('f2080000-0000-0000-0004-000000000001', 'f1080000-0000-0000-0000-000000000004', 'Crittografare i dati',                          false, false, 1),
  ('f2080000-0000-0000-0004-000000000002', 'f1080000-0000-0000-0000-000000000004', 'Collegare due tabelle tramite riferimento',      true,  false, 2),
  ('f2080000-0000-0000-0004-000000000003', 'f1080000-0000-0000-0000-000000000004', 'Impedire l''inserimento di dati',               false, false, 3),
  ('f2080000-0000-0000-0004-000000000004', 'f1080000-0000-0000-0000-000000000004', 'Nessuna delle precedenti',                      false, true,  4),

  ('f2080000-0000-0000-0005-000000000001', 'f1080000-0000-0000-0000-000000000005', 'Un tipo di tabella speciale',                   false, false, 1),
  ('f2080000-0000-0000-0005-000000000002', 'f1080000-0000-0000-0000-000000000005', 'Una struttura per velocizzare le query',        true,  false, 2),
  ('f2080000-0000-0000-0005-000000000003', 'f1080000-0000-0000-0000-000000000005', 'Un vincolo di integrita''',                     false, false, 3),
  ('f2080000-0000-0000-0005-000000000004', 'f1080000-0000-0000-0000-000000000005', 'Nessuna delle precedenti',                      false, true,  4);

-- ── Test 9: Design Patterns (3SW) ────────────────────────────

INSERT INTO question (id, test_id, type, text, code, position) VALUES
  ('f1090000-0000-0000-0000-000000000001', 'f0000000-0000-0000-0000-000000000009', 'MULTIPLE_CHOICE', 'Quale design pattern garantisce che esista una sola istanza di una classe?', NULL, 1),
  ('f1090000-0000-0000-0000-000000000002', 'f0000000-0000-0000-0000-000000000009', 'MULTIPLE_CHOICE', 'Cosa fa il pattern Observer?', NULL, 2),
  ('f1090000-0000-0000-0000-000000000003', 'f0000000-0000-0000-0000-000000000009', 'MULTIPLE_CHOICE', 'Quale pattern separa la costruzione di un oggetto dalla sua rappresentazione?', NULL, 3),
  ('f1090000-0000-0000-0000-000000000004', 'f0000000-0000-0000-0000-000000000009', 'MULTIPLE_CHOICE', 'Cos''e'' il pattern Strategy?', NULL, 4),
  ('f1090000-0000-0000-0000-000000000005', 'f0000000-0000-0000-0000-000000000009', 'MULTIPLE_CHOICE', 'Quale pattern fornisce un''interfaccia semplificata a un sottosistema complesso?', NULL, 5);

INSERT INTO option (id, question_id, text, is_correct, is_fallback, position) VALUES
  ('f2090000-0000-0000-0001-000000000001', 'f1090000-0000-0000-0000-000000000001', 'Factory',    false, false, 1),
  ('f2090000-0000-0000-0001-000000000002', 'f1090000-0000-0000-0000-000000000001', 'Singleton',  true,  false, 2),
  ('f2090000-0000-0000-0001-000000000003', 'f1090000-0000-0000-0000-000000000001', 'Prototype',  false, false, 3),
  ('f2090000-0000-0000-0001-000000000004', 'f1090000-0000-0000-0000-000000000001', 'Nessuna delle precedenti', false, true, 4),

  ('f2090000-0000-0000-0002-000000000001', 'f1090000-0000-0000-0000-000000000002', 'Crea oggetti senza specificare la classe concreta', false, false, 1),
  ('f2090000-0000-0000-0002-000000000002', 'f1090000-0000-0000-0000-000000000002', 'Notifica gli oggetti registrati quando cambia lo stato', true, false, 2),
  ('f2090000-0000-0000-0002-000000000003', 'f1090000-0000-0000-0000-000000000002', 'Converte un''interfaccia in un''altra', false, false, 3),
  ('f2090000-0000-0000-0002-000000000004', 'f1090000-0000-0000-0000-000000000002', 'Nessuna delle precedenti', false, true, 4),

  ('f2090000-0000-0000-0003-000000000001', 'f1090000-0000-0000-0000-000000000003', 'Builder',   true,  false, 1),
  ('f2090000-0000-0000-0003-000000000002', 'f1090000-0000-0000-0000-000000000003', 'Adapter',   false, false, 2),
  ('f2090000-0000-0000-0003-000000000003', 'f1090000-0000-0000-0000-000000000003', 'Decorator', false, false, 3),
  ('f2090000-0000-0000-0003-000000000004', 'f1090000-0000-0000-0000-000000000003', 'Nessuna delle precedenti', false, true, 4),

  ('f2090000-0000-0000-0004-000000000001', 'f1090000-0000-0000-0000-000000000004', 'Un modo per aggiungere funzionalita'' a un oggetto',    false, false, 1),
  ('f2090000-0000-0000-0004-000000000002', 'f1090000-0000-0000-0000-000000000004', 'Permette di cambiare algoritmo a runtime',              true,  false, 2),
  ('f2090000-0000-0000-0004-000000000003', 'f1090000-0000-0000-0000-000000000004', 'Definisce una famiglia di algoritmi compilati staticamente', false, false, 3),
  ('f2090000-0000-0000-0004-000000000004', 'f1090000-0000-0000-0000-000000000004', 'Nessuna delle precedenti',                              false, true,  4),

  ('f2090000-0000-0000-0005-000000000001', 'f1090000-0000-0000-0000-000000000005', 'Proxy',     false, false, 1),
  ('f2090000-0000-0000-0005-000000000002', 'f1090000-0000-0000-0000-000000000005', 'Facade',    true,  false, 2),
  ('f2090000-0000-0000-0005-000000000003', 'f1090000-0000-0000-0000-000000000005', 'Bridge',    false, false, 3),
  ('f2090000-0000-0000-0005-000000000004', 'f1090000-0000-0000-0000-000000000005', 'Composite', false, false, 4);

-- ── Test 10: REST API (3SW) ──────────────────────────────────

INSERT INTO question (id, test_id, type, text, code, position) VALUES
  ('f10a0000-0000-0000-0000-000000000001', 'f0000000-0000-0000-0000-00000000000a', 'MULTIPLE_CHOICE', 'Quale metodo HTTP si usa per creare una nuova risorsa?', NULL, 1),
  ('f10a0000-0000-0000-0000-000000000002', 'f0000000-0000-0000-0000-00000000000a', 'MULTIPLE_CHOICE', 'Cosa indica il codice di stato HTTP 404?', NULL, 2),
  ('f10a0000-0000-0000-0000-000000000003', 'f0000000-0000-0000-0000-00000000000a', 'MULTIPLE_CHOICE', 'Quale metodo HTTP e'' idempotente per aggiornare una risorsa?', NULL, 3),
  ('f10a0000-0000-0000-0000-000000000004', 'f0000000-0000-0000-0000-00000000000a', 'MULTIPLE_CHOICE', 'Cos''e'' un endpoint REST?', NULL, 4),
  ('f10a0000-0000-0000-0000-000000000005', 'f0000000-0000-0000-0000-00000000000a', 'MULTIPLE_CHOICE', 'Quale formato e'' piu'' comune per le risposte di un''API REST?', NULL, 5);

INSERT INTO option (id, question_id, text, is_correct, is_fallback, position) VALUES
  ('f20a0000-0000-0000-0001-000000000001', 'f10a0000-0000-0000-0000-000000000001', 'GET',    false, false, 1),
  ('f20a0000-0000-0000-0001-000000000002', 'f10a0000-0000-0000-0000-000000000001', 'POST',   true,  false, 2),
  ('f20a0000-0000-0000-0001-000000000003', 'f10a0000-0000-0000-0000-000000000001', 'PUT',    false, false, 3),
  ('f20a0000-0000-0000-0001-000000000004', 'f10a0000-0000-0000-0000-000000000001', 'DELETE', false, false, 4),

  ('f20a0000-0000-0000-0002-000000000001', 'f10a0000-0000-0000-0000-000000000002', 'Richiesta non autorizzata',  false, false, 1),
  ('f20a0000-0000-0000-0002-000000000002', 'f10a0000-0000-0000-0000-000000000002', 'Risorsa non trovata',        true,  false, 2),
  ('f20a0000-0000-0000-0002-000000000003', 'f10a0000-0000-0000-0000-000000000002', 'Errore interno del server',  false, false, 3),
  ('f20a0000-0000-0000-0002-000000000004', 'f10a0000-0000-0000-0000-000000000002', 'Richiesta malformata',       false, false, 4),

  ('f20a0000-0000-0000-0003-000000000001', 'f10a0000-0000-0000-0000-000000000003', 'POST',   false, false, 1),
  ('f20a0000-0000-0000-0003-000000000002', 'f10a0000-0000-0000-0000-000000000003', 'PUT',    true,  false, 2),
  ('f20a0000-0000-0000-0003-000000000003', 'f10a0000-0000-0000-0000-000000000003', 'PATCH',  false, false, 3),
  ('f20a0000-0000-0000-0003-000000000004', 'f10a0000-0000-0000-0000-000000000003', 'Nessuna delle precedenti', false, true, 4),

  ('f20a0000-0000-0000-0004-000000000001', 'f10a0000-0000-0000-0000-000000000004', 'Un server che ospita l''API',                false, false, 1),
  ('f20a0000-0000-0000-0004-000000000002', 'f10a0000-0000-0000-0000-000000000004', 'Un URL che espone una risorsa',              true,  false, 2),
  ('f20a0000-0000-0000-0004-000000000003', 'f10a0000-0000-0000-0000-000000000004', 'Un metodo di autenticazione',                false, false, 3),
  ('f20a0000-0000-0000-0004-000000000004', 'f10a0000-0000-0000-0000-000000000004', 'Nessuna delle precedenti',                   false, true,  4),

  ('f20a0000-0000-0000-0005-000000000001', 'f10a0000-0000-0000-0000-000000000005', 'XML',    false, false, 1),
  ('f20a0000-0000-0000-0005-000000000002', 'f10a0000-0000-0000-0000-000000000005', 'JSON',   true,  false, 2),
  ('f20a0000-0000-0000-0005-000000000003', 'f10a0000-0000-0000-0000-000000000005', 'CSV',    false, false, 3),
  ('f20a0000-0000-0000-0005-000000000004', 'f10a0000-0000-0000-0000-000000000005', 'YAML',   false, false, 4);
